entry_time,exit_time,direction,entry_price,exit_price,position_size_usd,pnl,regime,active_branch,gmm_subregime,confidence,exit_reason,meta_probability,meta_margin,regime_confidence,risk_level,behavioral_anomaly,sl_distance_pct,tp_distance_pct,designed_rr,predicted_volatility,realized_volatility,atr_14,bars_held,max_adverse_excursion,max_favorable_excursion,policy_warnings
2026-03-26 10:55:00+00:00,2026-03-26 11:25:00+00:00,SHORT,69473.052,69204.94625341208,186.28297887530613,0.5515955528517911,trending_high_vol,trend,trend_exhaustion,0.6462222337722778,TP_HIT,0.6462222337722778,0.602474570274353,0.9855211882833451,NO_TRADE,False,0.4059152987663777,0.3859132985663463,1.0,0.002222502,0.37577238898920823,91.6845821959707,5,-115.24800000000687,148.65200000000186,"REGIME: trending_high_vol -> 50% sizing,SOFT: risk_model=NO_TRADE -> 90% risk reduction,GMM: trend_exhaustion -> 60% risk reduction,SOFT: 3.0 consecutive losses -> 50% risk reduction,SOFT: drawdown 5.91% -> 70% risk factor"
2026-03-26 13:25:00+00:00,2026-03-26 13:35:00+00:00,LONG,69366.936,69160.55852556133,1004.5373461054943,-3.8912448655014265,trending_low_vol,trend,trend_continuation,0.5626744627952576,SL_HIT,0.5626744627952576,0.2520233988761902,0.9981656386533121,NO_TRADE,False,0.29751562680911203,0.45002760263457436,1.6,0.0017362584,0.12444225735265266,79.77658977546687,1,-144.4360000000015,0.0,"SOFT: risk_model=NO_TRADE -> 90% risk reduction,TREND: LONG against bearish ema_50 -> 50% reduction,SOFT: 4.0 consecutive losses -> 50% risk reduction,SOFT: drawdown 6.85% -> 66% risk factor"
2026-03-27 19:50:00+00:00,2026-03-27 22:50:00+00:00,LONG,65928.49218999999,65991.3,278.4827008593531,0.014533822569928828,trending_high_vol,trend,trend_continuation,0.6549797058105469,TIME_BARRIER,0.6549797058105469,0.6410008668899536,0.9998086966915474,MEDIUM_RISK,False,0.5628491535908801,0.5428511533909129,1.0,0.0027356,0.25127816643143286,121.4952567555508,36,-109.39218999998411,184.30781000001298,"REGIME: trending_high_vol -> 50% sizing,TREND: LONG against bearish ema_50 -> 50% reduction,SOFT: drawdown 12.43% -> 38% risk factor,SOFT: risk_model=MEDIUM_RISK -> 25% risk reduction"
2026-03-28 04:10:00+00:00,2026-03-28 04:15:00+00:00,SHORT,66077.49159,66242.70256758436,1295.6735926582408,-4.407248193692727,trending_low_vol,trend,trend_continuation,0.584094762802124,SL_HIT,0.584094762802124,0.33960583806037903,0.9990267986653735,NO_TRADE,False,0.250026103607963,0.3740391655127163,1.5999999999999999,0.0017567949,0.0964428361930305,63.44102703374296,0,0.0,0.0,"SOFT: risk_model=NO_TRADE -> 90% risk reduction,SOFT: drawdown 8.92% -> 55% risk factor"
2026-03-28 05:15:00+00:00,2026-03-28 06:15:00+00:00,LONG,66195.41888,66380.90347402605,1062.879871826381,2.020189151527884,trending_low_vol,trend,trend_continuation,0.5920137166976929,TP_HIT,0.5920137166976929,0.37229636311531067,0.9983693576022318,NO_TRADE,False,0.19137812466438783,0.2802075992030592,1.5999999999999999,0.0014853451,0.13020396658048483,48.02586850651456,11,0.0,132.98111999999674,"SOFT: drawdown 8.92% -> 55% risk factor,SOFT: risk_model=HIGH_RISK -> 50% risk reduction"
2026-03-28 07:50:00+00:00,2026-03-28 09:00:00+00:00,SHORT,66458.3535,66315.85638425732,1290.1805214162503,1.6065697555501073,trending_low_vol,trend,trend_initiation,0.7206794619560242,TP_HIT,0.7206794619560242,0.9478342533111572,0.994074448316161,NO_TRADE,False,0.1502614112147352,0.21441565768354032,1.6,0.0013461288,0.09683032393111236,37.28590393566865,13,-62.44650000000547,88.35349999999744,"SOFT: risk_model=NO_TRADE -> 90% risk reduction,TREND: SHORT against bullish ema_50 -> 50% reduction,SOFT: drawdown 8.92% -> 55% risk factor"
2026-03-29 05:20:00+00:00,2026-03-29 08:20:00+00:00,SHORT,66679.13142,66635.6,2061.832432276674,-0.5089104281582066,trending_low_vol,trend,trend_continuation,0.6193385124206543,TIME_BARRIER,0.6193385124206543,0.4867415726184845,0.9969241551743107,MEDIUM_RISK,False,0.2517810114512571,0.3768470180620072,1.5999999999999999,0.0014838922,0.07564828722951075,64.48672460647695,36,-136.66857999999775,157.73142000001098,"SOFT: drawdown 11.68% -> 42% risk factor,SOFT: risk_model=MEDIUM_RISK -> 25% risk reduction"
2026-03-29 20:10:00+00:00,2026-03-29 20:20:00+00:00,LONG,66433.24266,66668.9863940672,1058.4785598239732,2.8015880169777185,trending_low_vol,trend,trend_continuation,0.6861225366592407,TP_HIT,0.6861225366592407,0.7820534706115723,0.9945587399745843,NO_TRADE,False,0.23803467956743005,0.3548580870479362,1.6,0.001502917,0.118039536465167,60.59659851679513,1,0.0,83.55733999999939,"SOFT: risk_model=NO_TRADE -> 90% risk reduction,SOFT: drawdown 12.64% -> 37% risk factor"
2026-03-30 06:55:00+00:00,2026-03-30 08:00:00+00:00,LONG,67280.12733999999,67639.15258420004,974.0642323292043,4.318617614323966,trending_low_vol,trend,trend_continuation,0.5761605501174927,TP_HIT,0.5761605501174927,0.30703169107437134,0.9992703747014465,HIGH_RISK,False,0.34976554657191106,0.5336274742550885,1.6,0.0018726361,0.12830502780222505,91.43814605001151,12,-40.027339999986,315.77266000000236,"SOFT: drawdown 10.02% -> 50% risk factor,SOFT: risk_model=HIGH_RISK -> 50% risk reduction"
2026-03-30 22:55:00+00:00,2026-03-30 23:00:00+00:00,SHORT,66739.82535,66472.93479626843,290.13383695516643,0.8996961503970893,trending_high_vol,trend,trend_continuation,0.6302605271339417,TP_HIT,0.6302605271339417,0.5333346128463745,0.9998038293840658,NO_TRADE,False,0.4198989917368353,0.39989699153681285,1.0,0.0025929357,0.2413284178356789,91.18840124385832,0,0.0,0.0,"REGIME: trending_high_vol -> 50% sizing,SOFT: risk_model=NO_TRADE -> 90% risk reduction,SOFT: drawdown 8.27% -> 59% risk factor"
2026-03-31 07:50:00+00:00,2026-03-31 08:40:00+00:00,LONG,67364.43577,66918.01198315465,252.89312098164768,-1.902687325780552,sideways_low_vol,meanrev,trend_exhaustion,0.5919111967086792,SL_HIT,0.5919111967086792,0.3718717694282532,0.34288367754972504,MEDIUM_RISK,False,0.6626995116081105,0.31635125565407174,0.5,0.0024292707,0.17800137886258496,115.25073062116822,9,-349.7357699999993,100.96422999999777,"REGIME: sideways_low_vol -> 60% sizing (mean-reversion),GMM: false_signal -> 70% risk reduction,SOFT: drawdown 9.25% -> 54% risk factor,SOFT: risk_model=MEDIUM_RISK -> 25% risk reduction"
2026-03-31 13:25:00+00:00,2026-03-31 13:40:00+00:00,SHORT,66767.12262000001,67108.86465040938,259.24238771781745,-1.560892462149726,trending_high_vol,trend,trend_continuation,0.6410239338874817,SL_HIT,0.6410239338874817,0.5798110961914062,0.9997934555283876,MEDIUM_RISK,False,0.5118417823010992,0.49183978210109813,1.0,0.0024685636,0.2700581471690623,111.68821680312578,2,-194.97737999999663,0.0,"REGIME: trending_high_vol -> 50% sizing,TREND: SHORT against bullish ema_50 -> 50% reduction,SOFT: drawdown 9.25% -> 54% risk factor,SOFT: risk_model=MEDIUM_RISK -> 25% risk reduction"
2026-04-01 15:25:00+00:00,2026-04-01 18:00:00+00:00,SHORT,68705.72874,68119.4534290982,254.86132874842934,1.9464785057432006,trending_high_vol,trend,trend_continuation,0.6015408635139465,TP_HIT,0.6015408635139465,0.41188958287239075,0.9564093677626025,HIGH_RISK,False,1.0459784915486654,0.8533135761072033,0.8333333333333334,0.003296385,0.2746575676713126,197.71552363393525,30,-335.3712599999999,466.02874000000884,"REGIME: trending_high_vol -> 50% sizing,TREND: SHORT against bullish ema_50 -> 50% reduction,SOFT: drawdown 8.44% -> 58% risk factor,SOFT: vol_percentile 0.91 -> widened SL, reduced size,SOFT: risk_model=HIGH_RISK -> 50% risk reduction"
2026-04-02 00:05:00+00:00,2026-04-02 00:40:00+00:00,LONG,68128.8122,68491.59237725947,1175.4576542588586,5.198171345874314,trending_low_vol,trend,trend_continuation,0.583220362663269,TP_HIT,0.583220362663269,0.3360075354576111,0.9171335364367317,MEDIUM_RISK,False,0.34905560233320265,0.5324915634731534,1.6,0.0020518797,0.1291883627398538,92.39809431486704,6,0.0,215.58779999999388,"TREND: LONG against bearish ema_50 -> 50% reduction,SOFT: drawdown 3.81% -> 81% risk factor,SOFT: risk_model=MEDIUM_RISK -> 25% risk reduction"
2026-04-02 05:55:00+00:00,2026-04-02 07:50:00+00:00,LONG,66564.85582,66885.74787550246,363.2046155719124,1.4231564565445833,trending_high_vol,trend,trend_continuation,0.6585094332695007,TP_HIT,0.6585094332695007,0.6566586494445801,0.9969886544455228,LOW_RISK,False,0.5020722893266636,0.48207428912668376,1.0,0.0024248401,0.19286540476965466,109.18262516748972,22,-44.95582000000286,320.14418000000296,"REGIME: trending_high_vol -> 50% sizing,TREND: LONG against bearish ema_50 -> 50% reduction"
2026-04-04 04:55:00+00:00,2026-04-04 06:10:00+00:00,LONG,66840.18335,66918.56499861908,2410.185837011163,0.6557783520133668,trending_low_vol,trend,trend_continuation,0.5979223847389221,TP_HIT,0.5979223847389221,0.3968158960342407,0.9977381032498829,HIGH_RISK,False,0.08954040988118668,0.11726725554991639,1.6,0.0008885355,0.05190735429715082,21.26624965477015,14,-9.583350000000792,64.81664999999339,"SOFT: drawdown 11.44% -> 43% risk factor,SOFT: risk_model=HIGH_RISK -> 50% risk reduction"
2026-04-04 09:55:00+00:00,2026-04-04 10:40:00+00:00,SHORT,66945.40479,67012.52641544848,1531.541780713159,-2.9147286535807826,trending_low_vol,trend,trend_continuation,0.723013162612915,SL_HIT,0.723013162612915,0.9594576954841614,0.999516985548473,NO_TRADE,False,0.10026323040248696,0.13441856838394117,1.5999999999999999,0.0009240167,0.08169190613582498,24.170566179389237,8,-31.195210000005318,64.50479000000632,"SOFT: risk_model=NO_TRADE -> 90% risk reduction,TREND: SHORT against bullish ema_50 -> 50% reduction,SOFT: drawdown 10.57% -> 47% risk factor"
2026-04-04 13:30:00+00:00,2026-04-04 13:35:00+00:00,SHORT,67065.09282,67137.18581383451,1932.9334122171529,-3.8185253179296064,trending_low_vol,trend,trend_continuation,0.6497226357460022,SL_HIT,0.6497226357460022,0.617820143699646,0.9996318016456129,NO_TRADE,False,0.10749704623238462,0.1459926737117987,1.6,0.0008344282,0.06470897160470426,26.15432553380401,0,0.0,0.0,"SOFT: risk_model=NO_TRADE -> 90% risk reduction,TREND: SHORT against bullish ema_50 -> 50% reduction,SOFT: drawdown 10.60% -> 47% risk factor"
2026-04-05 00:45:00+00:00,2026-04-05 00:55:00+00:00,LONG,67219.52128,67132.5567033191,1976.1767876209346,-4.333939537375614,trending_low_vol,trend,trend_continuation,0.5724745392799377,SL_HIT,0.5724745392799377,0.29195448756217957,0.9993503639485364,NO_TRADE,False,0.1293739899138079,0.18100098360213096,1.5999999999999999,0.00092320103,0.06326883429745699,32.097318672358924,1,-32.92127999999502,0.0,"SOFT: risk_model=NO_TRADE -> 90% risk reduction,TREND: LONG against bearish ema_50 -> 50% reduction,SOFT: drawdown 7.95% -> 60% risk factor"
2026-04-05 01:50:00+00:00,2026-04-05 02:00:00+00:00,LONG,67085.30786,66988.56015727516,2027.9354971247565,-4.748285744857522,trending_low_vol,trend,trend_exhaustion,0.5882717967033386,SL_HIT,0.5882717967033386,0.35682567954063416,0.9991154861139299,NO_TRADE,False,0.1442159331320966,0.20474809275140435,1.6,0.0009783042,0.06162731884295437,36.0159370899395,1,-24.70785999999498,0.0,"SOFT: risk_model=NO_TRADE -> 90% risk reduction,TREND: LONG against bearish ema_50 -> 50% reduction,GMM: trend_exhaustion -> 60% risk reduction,SOFT: drawdown 6.10% -> 69% risk factor"
2026-04-05 04:55:00+00:00,2026-04-05 05:50:00+00:00,SHORT,67059.49338,66919.60127658262,1660.8585004612899,1.9716591385260624,trending_low_vol,trend,trend_exhaustion,0.6301486492156982,TP_HIT,0.6301486492156982,0.5328544974327087,0.9743810645167525,NO_TRADE,False,0.1466322174232033,0.2086089476171101,1.6,0.0009817075,0.0752122314259446,36.64968085434691,10,-39.40661999999429,12.393379999994067,"SOFT: risk_model=NO_TRADE -> 90% risk reduction,GMM: trend_exhaustion -> 60% risk reduction,SOFT: 4.0 consecutive losses -> 50% risk reduction,SOFT: drawdown 9.80% -> 51% risk factor"
2026-04-08 03:15:00+00:00,2026-04-08 04:25:00+00:00,LONG,71259.52523999999,71560.05798051252,341.1590662138522,1.131055172388282,trending_high_vol,trend,trend_continuation,0.6412534117698669,TP_HIT,0.6412534117698669,0.5808086395263672,0.9992503786612033,NO_TRADE,False,0.4417419558330417,0.42174395563307876,1.0,0.002284405,0.20508688740365705,102.55266017084308,13,0.0,226.47476000001188,"REGIME: trending_high_vol -> 50% sizing,SOFT: risk_model=NO_TRADE -> 90% risk reduction,TREND: LONG against bearish ema_50 -> 50% reduction,SOFT: drawdown 7.38% -> 63% risk factor"
2026-04-09 08:15:00+00:00,2026-04-09 08:35:00+00:00,SHORT,70888.21047,71078.33981976373,3591.127052816706,-12.868596174999698,trending_low_vol,trend,trend_continuation,0.5495880246162415,SL_HIT,0.5495880246162415,0.19900614023208618,0.9863784982289613,MEDIUM_RISK,False,0.2682101135056674,0.40313358134905114,1.6,0.001731438,0.07468202306433369,73.21592790549171,3,-155.68952999998874,0.0,"SOFT: drawdown 5.69% -> 72% risk factor,SOFT: risk_model=MEDIUM_RISK -> 25% risk reduction"
2026-04-10 07:35:00+00:00,2026-04-10 07:50:00+00:00,SHORT,71676.63162,71386.97119084209,2158.9087410089146,6.785951303499392,trending_low_vol,trend,trend_continuation,0.6321388483047485,TP_HIT,0.6321388483047485,0.5414034128189087,0.9911395900550639,NO_TRADE,False,0.2688273449361403,0.4041211516377802,1.6,0.0017998308,0.11516537219021723,74.2072022894776,2,0.0,80.53161999999429,"SOFT: drawdown 6.72% -> 66% risk factor,SOFT: risk_model=MEDIUM_RISK -> 25% risk reduction"
2026-04-10 10:45:00+00:00,2026-04-10 11:00:00+00:00,SHORT,71792.82,71964.23612457095,1083.455368527963,-3.563315466707367,trending_low_vol,trend,trend_continuation,0.6204223036766052,SL_HIT,0.6204223036766052,0.49134090542793274,0.9988959112985292,NO_TRADE,False,0.23876499707204724,0.356021395055287,1.6,0.0017067356,0.11526051593625149,65.69444982838127,2,-79.5799999999872,0.0,"SOFT: risk_model=NO_TRADE -> 90% risk reduction,TREND: SHORT against bullish ema_50 -> 50% reduction,SOFT: drawdown 7.65% -> 62% risk factor"
2026-04-11 02:25:00+00:00,2026-04-11 04:25:00+00:00,SHORT,72942.705,72669.84963135119,933.5721051728076,2.6537263568738205,trending_low_vol,trend,trend_continuation,0.5590565800666809,TP_HIT,0.5590565800666809,0.23733402788639069,0.9959309648424504,NO_TRADE,False,0.2500441687835775,0.3740680697937042,1.6,0.0016204793,0.1337176664077739,70.03759216220513,23,-60.294999999998254,259.80500000000757,"SOFT: risk_model=NO_TRADE -> 90% risk reduction,TREND: SHORT against bullish ema_50 -> 50% reduction,SOFT: drawdown 5.86% -> 71% risk factor"
2026-04-11 08:25:00+00:00,2026-04-11 08:50:00+00:00,LONG,72707.27,72601.63768756407,1524.8123709152148,-3.586537801771848,trending_low_vol,trend,trend_continuation,0.5755164623260498,SL_HIT,0.5755164623260498,0.3043944537639618,0.9994274798256386,HIGH_RISK,False,0.14528438825434276,0.2064576209469398,1.6,0.0011171204,0.0818908983743448,39.34492497436929,4,-27.270000000004075,0.0,"TREND: LONG against bearish ema_50 -> 50% reduction,SOFT: drawdown 6.83% -> 66% risk factor,SOFT: risk_model=HIGH_RISK -> 50% risk reduction"
2026-04-12 06:40:00+00:00,2026-04-12 09:40:00+00:00,SHORT,71612.13807,71542.5,3187.480503179365,0.2324314194162458,trending_low_vol,trend,trend_continuation,0.5774837732315063,TIME_BARRIER,0.5774837732315063,0.31245261430740356,0.999523432142383,LOW_RISK,False,0.20101658231259992,0.29562393144013055,1.6,0.0013536583,0.12482159666999315,54.71613698771886,36,-92.66193000000203,79.93807000000379,SOFT: drawdown 4.06% -> 80% risk factor
2026-04-13 11:30:00+00:00,2026-04-13 12:05:00+00:00,SHORT,70795.01979,70960.84379463908,1193.7598946539588,-3.87193977733432,trending_low_vol,trend,trend_continuation,0.5716024041175842,SL_HIT,0.5716024041175842,0.28839173913002014,0.9985493503753399,NO_TRADE,False,0.2342311720950944,0.3487672750921165,1.5999999999999999,0.0014923125,0.10456569125482824,63.49751785562831,6,-122.68020999999135,0.0,"SOFT: risk_model=NO_TRADE -> 90% risk reduction,TREND: SHORT against bullish ema_50 -> 50% reduction,SOFT: drawdown 9.81% -> 51% risk factor"
2026-04-13 13:25:00+00:00,2026-04-13 13:35:00+00:00,SHORT,71139.98529000001,70799.61816484158,260.766093198204,1.0135618788596827,trending_high_vol,trend,unknown,0.6328456401824951,TP_HIT,0.6328456401824951,0.5444442629814148,0.5206119638578118,MEDIUM_RISK,False,0.596138599778025,0.47844699963169046,0.8333333333333334,0.0024745357,0.26796290716924365,115.82727838613981,1,0.0,77.58529000001727,"REGIME: trending_high_vol -> 50% sizing,TREND: SHORT against bullish ema_50 -> 50% reduction,SOFT: drawdown 8.01% -> 60% risk factor,SOFT: vol_percentile 0.78 -> widened SL, reduced size,SOFT: risk_model=MEDIUM_RISK -> 25% risk reduction"
2026-04-14 23:25:00+00:00,2026-04-15 00:00:00+00:00,LONG,74079.20718,74406.70082505849,281.8315662760236,0.991665915660929,trending_high_vol,trend,trend_continuation,0.6208214163780212,TP_HIT,0.6208214163780212,0.4930361807346344,0.9998282668953982,NO_TRADE,False,0.4620837858411907,0.44208578564122497,1.0,0.0023622345,0.24795922004445053,111.63360835282758,6,-56.80718000000343,102.39282000000821,"REGIME: trending_high_vol -> 50% sizing,SOFT: risk_model=NO_TRADE -> 90% risk reduction,TREND: LONG against bearish ema_50 -> 50% reduction,SOFT: drawdown 9.97% -> 50% risk factor"
2026-04-15 04:55:00+00:00,2026-04-15 05:20:00+00:00,LONG,74298.22908,74120.43829536531,1366.2926942378788,-4.497477422947235,trending_low_vol,trend,trend_continuation,0.605816125869751,SL_HIT,0.605816125869751,0.42975902557373047,0.9995518495184667,NO_TRADE,False,0.23929343516823082,0.35687209600918146,1.6,0.001709302,0.09134425969145094,68.14468185387479,4,-137.72908000000461,7.770919999995385,"TREND: LONG against bearish ema_50 -> 50% reduction,SOFT: 3.0 consecutive losses -> 50% risk reduction,SOFT: drawdown 10.87% -> 46% risk factor,SOFT: risk_model=HIGH_RISK -> 50% risk reduction"
2026-04-16 00:10:00+00:00,2026-04-16 02:30:00+00:00,LONG,74571.35639,74922.92769694682,247.4911169757101,0.9434868830677103,trending_high_vol,trend,trend_initiation,0.6405609846115112,TP_HIT,0.6405609846115112,0.5777997970581055,0.9997827484953087,HIGH_RISK,False,0.4914542321453296,0.47145623194533176,1.0,0.0023146148,0.28226546282068726,119.67589898227504,27,-109.95639000000665,284.54360999999335,"REGIME: trending_high_vol -> 50% sizing,TREND: LONG against bearish ema_50 -> 50% reduction,SOFT: drawdown 11.90% -> 41% risk factor,SOFT: risk_model=HIGH_RISK -> 50% risk reduction"
2026-04-16 06:35:00+00:00,2026-04-16 07:50:00+00:00,SHORT,74958.5034,74663.0960441915,1062.0520928332955,3.2317349815785286,trending_low_vol,trend,trend_continuation,0.5995473861694336,TP_HIT,0.5995473861694336,0.4035796523094177,0.9971840158735525,NO_TRADE,False,0.26256070152585287,0.3940945221813319,1.6,0.0018286136,0.11746935073817623,75.72598895212707,14,-60.0966000000044,231.7033999999985,"SOFT: risk_model=NO_TRADE -> 90% risk reduction,TREND: SHORT against bullish ema_50 -> 50% reduction,SOFT: drawdown 11.03% -> 45% risk factor"
2026-04-17 04:55:00+00:00,2026-04-17 07:00:00+00:00,SHORT,74740.92516,74916.34003885095,1033.4644895758388,-3.356843296848957,trending_low_vol,trend,trend_continuation,0.6275526285171509,SL_HIT,0.6275526285171509,0.521731972694397,0.9992259872314052,NO_TRADE,False,0.23469722708868365,0.3495129630818725,1.5999999999999999,0.0016366789,0.1207578661302035,67.17601554038065,24,-154.17484000000695,185.92515999999887,"SOFT: risk_model=NO_TRADE -> 90% risk reduction,TREND: SHORT against bullish ema_50 -> 50% reduction,SOFT: drawdown 10.29% -> 49% risk factor"
2026-04-17 19:30:00+00:00,2026-04-17 22:30:00+00:00,SHORT,77274.57177000001,77427.2,359.72198111024204,-1.034606923651861,trending_high_vol,trend,trend_exhaustion,0.6017448902130127,TIME_BARRIER,0.6017448902130127,0.4127409756183624,0.9945769738336432,NO_TRADE,False,0.580392452810753,0.5603904526107502,1.0,0.0026702152,0.19421644212984981,146.9225174983065,36,-243.32822999998461,139.17177000001539,"REGIME: trending_high_vol -> 50% sizing,SOFT: risk_model=NO_TRADE -> 90% risk reduction,GMM: trend_exhaustion -> 60% risk reduction,SOFT: drawdown 7.63% -> 62% risk factor"
2026-04-18 07:30:00+00:00,2026-04-18 07:40:00+00:00,LONG,77048.10403999999,76936.04616998922,1961.0420335432257,-4.615628589169554,trending_low_vol,trend,trend_continuation,0.6523236036300659,SL_HIT,0.6523236036300659,0.6292685866355896,0.9957739982738514,NO_TRADE,False,0.14543884162626128,0.2067047463420583,1.6,0.0009369203,0.06361111654979339,41.7415320043121,1,-60.60403999999107,0.0,"SOFT: risk_model=NO_TRADE -> 90% risk reduction,TREND: LONG against bearish ema_50 -> 50% reduction,SOFT: drawdown 6.78% -> 66% risk factor"
2026-04-19 02:15:00+00:00,2026-04-19 02:25:00+00:00,SHORT,75601.23912,75375.92899420712,1166.976863616127,2.4293353482844777,trending_low_vol,trend,trend_continuation,0.5903305411338806,TP_HIT,0.5903305411338806,0.36533215641975403,0.9983983803068506,NO_TRADE,False,0.20251686401269448,0.298024382160258,1.6,0.0014603921,0.10684562983625054,58.217751448221215,1,0.0,165.13911999999254,"SOFT: drawdown 14.03% -> 30% risk factor,SOFT: risk_model=HIGH_RISK -> 50% risk reduction"
2026-04-19 05:55:00+00:00,2026-04-19 06:15:00+00:00,SHORT,75497.54949,75300.72621225708,1001.0620292093345,1.7101332395094146,trending_low_vol,trend,trend_continuation,0.59925776720047,TP_HIT,0.59925776720047,0.40237340331077576,0.9994801900262459,NO_TRADE,False,0.17919009060982413,0.2607015447156894,1.6,0.0013499368,0.12458443238303175,51.093446935730896,3,0.0,147.44948999999906,"SOFT: risk_model=NO_TRADE -> 90% risk reduction,SOFT: 3.0 consecutive losses -> 50% risk reduction,SOFT: drawdown 16.59% -> 30% risk factor"
2026-04-20 14:05:00+00:00,2026-04-20 14:10:00+00:00,SHORT,75156.68358,75027.15051615582,181.084940999945,0.149280751655078,sideways_low_vol,meanrev,false_signal,0.6650480031967163,TP_HIT,0.6650480031967163,0.6858720779418945,0.8510737025011276,HIGH_RISK,False,0.44764505989399117,0.17235069148081883,0.4166666666666667,0.004087452,0.24798154633808975,215.326379947282,0,0.0,0.0,"REGIME: sideways_low_vol -> 60% sizing (mean-reversion),GMM: false_signal -> 70% risk reduction,SOFT: drawdown 12.45% -> 38% risk factor,SOFT: vol_percentile 0.95 -> widened SL, reduced size,SOFT: risk_model=HIGH_RISK -> 50% risk reduction"
2026-04-22 04:15:00+00:00,2026-04-22 05:15:00+00:00,SHORT,77399.15930999999,77771.6947545981,275.2946771045743,-1.5734682836632075,trending_high_vol,trend,trend_continuation,0.6527604460716248,SL_HIT,0.6527604460716248,0.6311953067779541,0.9998335995788876,NO_TRADE,False,0.4813171718132278,0.4613151716131923,1.0,0.0025602735,0.2537440740177608,121.59825153270155,11,-213.5406900000089,17.65930999998818,"REGIME: trending_high_vol -> 50% sizing,SOFT: risk_model=NO_TRADE -> 90% risk reduction,TREND: SHORT against bullish ema_50 -> 50% reduction,SOFT: drawdown 3.48% -> 83% risk factor"
2026-04-22 07:00:00+00:00,2026-04-22 10:00:00+00:00,SHORT,77952.40398,77939.2,498.8727475366117,-0.3644415844943649,trending_high_vol,trend,trend_continuation,0.6157863140106201,TIME_BARRIER,0.6157863140106201,0.47170111536979675,0.8679914915459205,LOW_RISK,False,0.37272432389134147,0.3527223236913361,1.0,0.002122065,0.14000239337749606,94.25051689716842,36,-166.79601999999431,106.70398000000569,"REGIME: trending_high_vol -> 50% sizing,TREND: SHORT against bullish ema_50 -> 50% reduction,SOFT: drawdown 3.48% -> 83% risk factor"
2026-04-24 01:25:00+00:00,2026-04-24 02:00:00+00:00,SHORT,77980.00122,78451.34567371004,252.4214064182684,-1.7536849950090079,sideways_low_vol,meanrev,clean_reversion,0.7562035322189331,SL_HIT,0.7562035322189331,1.1319769620895386,0.8728576641437648,NO_TRADE,False,0.6044427370297872,0.2872198683648837,0.5,0.0022006975,0.17786793716808358,102.15926043042496,6,-389.8987799999886,0.0,"REGIME: sideways_low_vol -> 60% sizing (mean-reversion),SOFT: risk_model=NO_TRADE -> 90% risk reduction,SOFT: drawdown 9.29% -> 54% risk factor"
2026-04-25 05:15:00+00:00,2026-04-25 08:15:00+00:00,SHORT,77462.15301,77500.1,1395.775260170319,-1.9402989437856246,trending_low_vol,trend,trend_continuation,0.57429438829422,TIME_BARRIER,0.57429438829422,0.2993942201137543,0.925240182932722,NO_TRADE,False,0.1408910992829159,0.19942315859262186,1.5999999999999999,0.001096858,0.08933661885734755,40.55611556159956,36,-64.44699000001128,47.25301000000036,"SOFT: risk_model=NO_TRADE -> 90% risk reduction,SOFT: drawdown 5.76% -> 71% risk factor"
2026-04-26 01:15:00+00:00,2026-04-26 04:15:00+00:00,SHORT,77442.15500999999,77445.2,4226.755177129371,-3.9703568305360606,trending_low_vol,trend,trend_continuation,0.5600072741508484,TIME_BARRIER,0.5600072741508484,0.24119172990322113,0.9627917565702796,MEDIUM_RISK,False,0.1562232608200937,0.22395461705210204,1.5999999999999999,0.0010848027,0.07094648019925082,45.295067922386224,36,-88.64499000001524,132.2550099999935,"SOFT: drawdown 3.96% -> 80% risk factor,SOFT: risk_model=MEDIUM_RISK -> 25% risk reduction"
2026-04-26 07:40:00+00:00,2026-04-26 08:35:00+00:00,LONG,77942.99352,78098.77200497227,1844.014893657288,2.0240303013271457,trending_low_vol,trend,trend_exhaustion,0.588904857635498,TP_HIT,0.588904857635498,0.35943999886512756,0.9997365207541468,LOW_RISK,False,0.14116217268387346,0.19986207603419054,1.6,0.0009887503,0.08654132815659954,40.893001243068056,10,0.0,148.1064800000022,"GMM: trend_exhaustion -> 60% risk reduction,SOFT: drawdown 3.99% -> 80% risk factor"
2026-04-27 01:10:00+00:00,2026-04-27 04:10:00+00:00,SHORT,79083.59085,79014.4,220.94701011548736,-0.005447393796322921,trending_high_vol,trend,trend_continuation,0.5843809843063354,TIME_BARRIER,0.5843809843063354,0.3407842814922333,0.9716950119794397,HIGH_RISK,False,0.9151036451726916,0.7442512041272119,0.8333333333333335,0.003307223,0.31591894067758997,198.82990905605408,36,-215.30915000000095,251.89084999999614,"REGIME: trending_high_vol -> 50% sizing,TREND: SHORT against bullish ema_50 -> 50% reduction,SOFT: drawdown 4.14% -> 79% risk factor,SOFT: vol_percentile 0.90 -> widened SL, reduced size,SOFT: risk_model=HIGH_RISK -> 50% risk reduction"
2026-04-27 16:45:00+00:00,2026-04-27 19:45:00+00:00,LONG,76590.45828,76760.5,189.9183951726788,0.25050849349276894,trending_high_vol,trend,trend_continuation,0.6270942091941833,TIME_BARRIER,0.6270942091941833,0.5197708606719971,0.8351523246658916,MEDIUM_RISK,False,0.5084525851097037,0.48845458490971505,1.0,0.0026791922,0.3675331564714612,127.25596169067573,36,-43.15828000000329,294.3417199999967,"REGIME: trending_high_vol -> 50% sizing,TREND: LONG against bearish ema_50 -> 50% reduction,SOFT: drawdown 8.89% -> 56% risk factor,SOFT: risk_model=MEDIUM_RISK -> 25% risk reduction"
2026-04-28 04:00:00+00:00,2026-04-28 05:05:00+00:00,LONG,76761.77541,76967.90451358726,358.7669923201779,0.640028320630659,trending_high_vol,trend,trend_continuation,0.611267626285553,TP_HIT,0.611267626285553,0.4526439309120178,0.9932831706446754,NO_TRADE,False,0.28852892263666413,0.2685309224366941,1.0,0.0015612294,0.19456377622099746,71.26817119575028,12,-51.17540999999619,163.224589999998,"REGIME: trending_high_vol -> 50% sizing,SOFT: risk_model=NO_TRADE -> 90% risk reduction,TREND: LONG against bearish ema_50 -> 50% reduction,SOFT: drawdown 10.73% -> 46% risk factor"
2026-04-28 16:45:00+00:00,2026-04-28 16:50:00+00:00,SHORT,75868.4124,76095.40230927321,972.6985635483383,-3.7870904657748996,trending_low_vol,trend,trend_continuation,0.5656678676605225,SL_HIT,0.5656678676605225,0.2641977071762085,0.9985757157892252,NO_TRADE,False,0.2991889537327507,0.45269972571235956,1.6,0.0018413141,0.12815514271240902,87.76092370928133,0,0.0,0.0,"SOFT: risk_model=NO_TRADE -> 90% risk reduction,SOFT: drawdown 7.15% -> 64% risk factor"
2026-04-29 09:25:00+00:00,2026-04-29 09:35:00+00:00,SHORT,77077.99143,77226.82628364452,1115.4440561060958,-3.1588592989507074,trending_low_vol,trend,trend_continuation,0.573468029499054,SL_HIT,0.573468029499054,0.2960147559642792,0.9989126027542043,NO_TRADE,False,0.19309643503060658,0.2829516957889398,1.6,0.0014612039,0.1117124466392944,56.45051345781036,1,-104.50857000000542,0.0,"SOFT: risk_model=NO_TRADE -> 90% risk reduction,TREND: SHORT against bullish ema_50 -> 50% reduction,SOFT: 4.0 consecutive losses -> 50% risk reduction,SOFT: drawdown 11.75% -> 41% risk factor"
2026-05-01 03:10:00+00:00,2026-05-01 03:15:00+00:00,SHORT,76644.23481,76808.9218858818,1166.029263357385,-3.556150622626628,trending_low_vol,trend,trend_continuation,0.6014491319656372,SL_HIT,0.6014491319656372,0.411506712436676,0.993857350796862,NO_TRADE,False,0.21487209871697244,0.31779275768713466,1.6,0.0015069378,0.10683222348721898,62.808754352727036,0,0.0,0.0,"TREND: SHORT against bullish ema_50 -> 50% reduction,SOFT: drawdown 16.20% -> 30% risk factor,SOFT: risk_model=HIGH_RISK -> 50% risk reduction"
2026-05-01 06:30:00+00:00,2026-05-01 06:35:00+00:00,LONG,77132.7125,77000.54282100586,1660.943651193391,-4.3395129689566305,trending_low_vol,trend,trend_continuation,0.6033285856246948,SL_HIT,0.6033285856246948,0.41935378313064575,0.9997481144259076,HIGH_RISK,False,0.1713535991543592,0.24816835838702786,1.6,0.0012253984,0.07497246934498902,49.78287159765796,0,0.0,0.0,"SOFT: drawdown 14.53% -> 30% risk factor,SOFT: risk_model=HIGH_RISK -> 50% risk reduction"
2026-05-01 10:10:00+00:00,2026-05-01 10:20:00+00:00,LONG,77142.41347,77349.42914812124,1489.5923194247775,2.6547666645323567,trending_low_vol,trend,trend_initiation,0.6984992623329163,TP_HIT,0.6984992623329163,0.8401616215705872,0.99831931561521,NO_TRADE,False,0.18397037529941104,0.2683552002190717,1.6,0.0012652671,0.08356031475028311,53.682287030311,1,0.0,99.18653000000631,"SOFT: risk_model=NO_TRADE -> 90% risk reduction,TREND: LONG against bearish ema_50 -> 50% reduction,SOFT: drawdown 16.23% -> 30% risk factor"
2026-05-02 01:25:00+00:00,2026-05-02 02:50:00+00:00,SHORT,78297.1695,78457.97817001109,984.0560273825217,-2.9077396567494875,trending_low_vol,trend,trend_continuation,0.5831311345100403,SL_HIT,0.5831311345100403,0.33564040064811707,0.9980028443887589,NO_TRADE,False,0.2053824819441105,0.3026093708505479,1.6,0.001528614,0.12652123881118024,61.191268004434505,16,-83.6304999999993,67.26950000000943,"SOFT: risk_model=NO_TRADE -> 90% risk reduction,TREND: SHORT against bullish ema_50 -> 50% reduction,SOFT: drawdown 20.36% -> 30% risk factor"
2026-05-02 07:55:00+00:00,2026-05-02 08:30:00+00:00,SHORT,78173.78184000001,78276.89169231357,1859.2904009214872,-4.126959097970049,trending_low_vol,trend,trend_continuation,0.6222921013832092,SL_HIT,0.6222921013832092,0.49928829073905945,0.9996344718655704,NO_TRADE,False,0.13189825269627609,0.18503460405403896,1.6,0.0011221227,0.0669436258244803,38.11667692542689,6,-73.41815999998653,9.881840000016382,"SOFT: risk_model=NO_TRADE -> 90% risk reduction,SOFT: drawdown 17.99% -> 30% risk factor"
2026-05-02 16:00:00+00:00,2026-05-02 16:05:00+00:00,SHORT,78423.45687000001,78529.46114492336,1369.9000127939187,-3.0855172670623037,trending_low_vol,trend,trend_exhaustion,0.6235291361808777,SL_HIT,0.6235291361808777,0.5045548677444458,0.9942856823547405,NO_TRADE,False,0.13516909245542974,0.19026794766866348,1.6,0.0010746715,0.09082126633159464,39.26445796934238,0,0.0,0.0,"SOFT: risk_model=NO_TRADE -> 90% risk reduction,TREND: SHORT against bullish ema_50 -> 50% reduction,GMM: trend_exhaustion -> 60% risk reduction,SOFT: drawdown 18.84% -> 30% risk factor"
2026-05-03 03:35:00+00:00,2026-05-03 06:25:00+00:00,LONG,78161.01531999999,78034.58336587384,1354.88893225087,-3.409949944240429,trending_low_vol,trend,trend_continuation,0.6125593185424805,SL_HIT,0.6125593185424805,0.4580830931663513,0.9995113993640337,MEDIUM_RISK,False,0.1617583313222373,0.2328159298556248,1.5999999999999999,0.0012799551,0.0917990264612653,47.44665365046165,33,-85.21531999998842,47.484680000008666,"TREND: LONG against bearish ema_50 -> 50% reduction,SOFT: drawdown 22.06% -> 30% risk factor,SOFT: risk_model=MEDIUM_RISK -> 25% risk reduction"
2026-05-04 03:35:00+00:00,2026-05-04 04:15:00+00:00,LONG,79977.19692,80514.40274436136,248.3384796106106,1.4437477647355659,trending_high_vol,trend,trend_continuation,0.629101037979126,TP_HIT,0.629101037979126,0.5283620953559875,0.9890995468856199,HIGH_RISK,False,0.8280362887637484,0.6716987404531274,0.8333333333333335,0.0027352036,0.28037347264136314,181.73424812045405,7,-10.096919999996317,457.80307999999786,"REGIME: trending_high_vol -> 50% sizing,SOFT: drawdown 27.46% -> 30% risk factor,SOFT: vol_percentile 0.86 -> widened SL, reduced size,SOFT: risk_model=HIGH_RISK -> 50% risk reduction"
2026-05-04 05:50:00+00:00,2026-05-04 06:25:00+00:00,SHORT,79957.80342,79637.4390326298,316.5843022203813,0.98415660475323,trending_high_vol,trend,trend_continuation,0.6792521476745605,TP_HIT,0.6792521476745605,0.7503371238708496,0.9994275031212009,MEDIUM_RISK,False,0.42066881903120645,0.40066681883117056,1.0,0.0023124286,0.21996551207640133,109.45365579006494,6,-26.09657999999763,277.30341999999655,"REGIME: trending_high_vol -> 50% sizing,TREND: SHORT against bullish ema_50 -> 50% reduction,SOFT: drawdown 27.46% -> 30% risk factor,SOFT: risk_model=MEDIUM_RISK -> 25% risk reduction"
2026-05-05 05:15:00+00:00,2026-05-05 05:20:00+00:00,SHORT,80878.41135,81113.50590991217,1035.8746125381242,-3.944837055949651,trending_low_vol,trend,trend_continuation,0.6028598546981812,SL_HIT,0.6028598546981812,0.4173956513404846,0.9965883857249229,HIGH_RISK,False,0.29067653034727536,0.4390798482956088,1.5999999999999999,0.0020064737,0.12005816907643499,90.80236396487065,0,0.0,0.0,"TREND: SHORT against bullish ema_50 -> 50% reduction,SOFT: drawdown 15.88% -> 30% risk factor,SOFT: risk_model=HIGH_RISK -> 50% risk reduction"
2026-05-05 08:05:00+00:00,2026-05-05 09:35:00+00:00,SHORT,80826.51654000001,80532.33310950079,941.7421812296157,2.581795070935947,trending_low_vol,trend,trend_continuation,0.5801749229431152,TP_HIT,0.5801749229431152,0.3234914243221283,0.7342345815212376,MEDIUM_RISK,False,0.24373222426888183,0.36396895857021744,1.6,0.0018907423,0.132006297889909,75.56672262480323,17,-2.3834599999827333,246.51654000001145,"SOFT: drawdown 15.06% -> 30% risk factor,SOFT: risk_model=MEDIUM_RISK -> 25% risk reduction"
2026-05-06 05:50:00+00:00,2026-05-06 07:10:00+00:00,LONG,81188.21801000001,81548.0096976791,873.6040124490602,3.0832624818175054,trending_low_vol,trend,trend_continuation,0.6017007231712341,TP_HIT,0.6017007231712341,0.4125564396381378,0.9887359313633834,HIGH_RISK,False,0.2932218207081766,0.44315751287307265,1.6,0.0018814596,0.14233928596627954,91.9774244197738,15,0.0,332.3819899999944,"TREND: LONG against bearish ema_50 -> 50% reduction,SOFT: drawdown 15.98% -> 30% risk factor,SOFT: risk_model=HIGH_RISK -> 50% risk reduction"
2026-05-07 03:50:00+00:00,2026-05-07 05:10:00+00:00,SHORT,80885.21067,81097.98461004737,997.3382718157379,-3.522481053008239,trending_low_vol,trend,trend_continuation,0.6225599646568298,SL_HIT,0.6225599646568298,0.5004281997680664,0.9986864404280623,NO_TRADE,False,0.26305666794323207,0.39488806844911567,1.6,0.0017792063,0.12471867935423986,81.87384401894235,15,-162.9893299999967,159.2106700000004,"SOFT: risk_model=NO_TRADE -> 90% risk reduction,SOFT: drawdown 10.92% -> 45% risk factor"
2026-05-07 09:15:00+00:00,2026-05-07 09:35:00+00:00,LONG,81149.01409,80931.96132093904,1063.9412706341757,-3.801893877764446,trending_low_vol,trend,trend_continuation,0.5955984592437744,SL_HIT,0.5955984592437744,0.38715851306915283,0.9970122309687481,NO_TRADE,False,0.26747431437704566,0.40196150274329023,1.5999999999999999,0.0017477822,0.11686987294234773,83.57547162438172,3,-149.01408999999694,0.0,"SOFT: risk_model=NO_TRADE -> 90% risk reduction,TREND: LONG against bearish ema_50 -> 50% reduction,SOFT: drawdown 9.17% -> 54% risk factor"
2026-05-08 00:40:00+00:00,2026-05-08 02:00:00+00:00,SHORT,79863.51285,79545.71153648381,1123.8556466235573,3.462930922300438,trending_low_vol,trend,trend_continuation,0.5934917330741882,TP_HIT,0.5934917330741882,0.3784191310405731,0.9810170407509036,NO_TRADE,False,0.2649582170208982,0.3979305469734157,1.6,0.0018430323,0.11059708408022755,81.44711587904663,15,0.0,205.81285000000207,"SOFT: risk_model=NO_TRADE -> 90% risk reduction,SOFT: drawdown 6.50% -> 68% risk factor"
2026-05-08 06:55:00+00:00,2026-05-08 07:45:00+00:00,SHORT,79476.15159000001,79670.58085731728,1762.514101523113,-5.90020669468539,trending_low_vol,trend,trend_continuation,0.6075615882873535,SL_HIT,0.6075615882873535,0.43707382678985596,0.9968555910168708,HIGH_RISK,False,0.24463850278042243,0.3654190041886699,1.6,0.0018173845,0.11503432078850137,74.59234292691208,9,-57.14840999999433,230.9515900000115,"SOFT: drawdown 3.69% -> 82% risk factor,SOFT: risk_model=HIGH_RISK -> 50% risk reduction"
2026-05-09 01:45:00+00:00,2026-05-09 03:20:00+00:00,SHORT,80351.56404000001,80498.85541368918,1428.3445504712172,-3.9050984615077207,trending_low_vol,trend,trend_continuation,0.5939293503761292,SL_HIT,0.5939293503761292,0.3802330791950226,0.9601339215362016,MEDIUM_RISK,False,0.18330865795697604,0.2672912524711376,1.6,0.0013850398,0.08699910078105019,55.70216547566629,18,-93.53595999999379,71.56404000001203,"TREND: SHORT against bullish ema_50 -> 50% reduction,SOFT: risk_model=HIGH_RISK -> 50% risk reduction"
2026-05-09 07:55:00+00:00,2026-05-09 08:00:00+00:00,SHORT,80173.68183,80315.6852125859,1183.8141491222566,-3.163249155960518,trending_low_vol,trend,trend_continuation,0.6326457262039185,SL_HIT,0.6326457262039185,0.543583869934082,0.9967376855933385,NO_TRADE,False,0.17711969731788366,0.25738891544861986,1.6,0.0012278452,0.10492852941303389,53.59408503436421,0,0.0,0.0,"SOFT: risk_model=NO_TRADE -> 90% risk reduction,SOFT: 3.0 consecutive losses -> 50% risk reduction,SOFT: drawdown 4.03% -> 80% risk factor"
2026-05-11 02:40:00+00:00,2026-05-11 03:10:00+00:00,LONG,81174.1166,80758.4663233809,399.5755790936479,-2.404612966414403,trending_high_vol,trend,trend_continuation,0.5757606625556946,SL_HIT,0.5757606625556946,0.30539411306381226,0.9740530331329648,LOW_RISK,False,0.5120477980281426,0.4920497978281776,1.0,0.0026089535,0.17403152855951992,135.8445588730341,5,-176.5165999999881,20.383400000006077,"REGIME: trending_high_vol -> 50% sizing,TREND: LONG against bearish ema_50 -> 50% reduction,SOFT: drawdown 4.25% -> 79% risk factor"
2026-05-11 04:35:00+00:00,2026-05-11 07:35:00+00:00,SHORT,80741.32505999999,80699.5,432.05572018075486,-0.16492774182772227,trending_high_vol,trend,trend_continuation,0.5771264433860779,TIME_BARRIER,0.5771264433860779,0.31098824739456177,0.9996968847956714,LOW_RISK,False,0.3669293479417159,0.3469273477416813,1.0,0.0023675452,0.25335517671041474,96.06289252071655,36,-209.27494000001752,56.42505999999412,"REGIME: trending_high_vol -> 50% sizing,SOFT: drawdown 4.25% -> 79% risk factor"
2026-05-11 11:55:00+00:00,2026-05-11 13:30:00+00:00,SHORT,81158.98329,80883.50176175236,965.1107660974095,2.4089564488965216,trending_low_vol,trend,trend_initiation,0.5670380592346191,TP_HIT,0.5670380592346191,0.2697766423225403,0.9860010871385302,NO_TRADE,False,0.22839814077319404,0.33943442497707066,1.6,0.0016526775,0.12863209307511536,70.89955956191272,18,-112.21670999999333,145.48329000000376,"SOFT: risk_model=NO_TRADE -> 90% risk reduction,TREND: SHORT against bullish ema_50 -> 50% reduction,SOFT: 3.0 consecutive losses -> 50% risk reduction,SOFT: drawdown 7.10% -> 65% risk factor"
2026-05-12 00:55:00+00:00,2026-05-12 01:15:00+00:00,LONG,81516.85087,81317.57258929929,1729.0300757187827,-5.780846963765462,trending_low_vol,trend,trend_continuation,0.5887471437454224,SL_HIT,0.5887471437454224,0.35878849029541016,0.9979200862663241,LOW_RISK,False,0.24446268295926196,0.36514289247486326,1.6,0.0015721227,0.10559316597957519,76.45096428028276,3,-161.85086999999476,0.0,"TREND: LONG against bearish ema_50 -> 50% reduction,SOFT: drawdown 5.30% -> 74% risk factor"
2026-05-12 04:20:00+00:00,2026-05-12 07:20:00+00:00,SHORT,81121.28705999999,81082.1,1246.0143008264167,-0.5192028620469026,trending_low_vol,trend,trend_exhaustion,0.5484731197357178,TIME_BARRIER,0.5484731197357178,0.19450336694717407,0.9988029293326409,LOW_RISK,False,0.2477719239117806,0.37043247799878826,1.6,0.0017633422,0.11715275804826462,77.15313346021937,36,-148.91294000000926,234.187059999982,"GMM: trend_exhaustion -> 60% risk reduction,SOFT: drawdown 5.30% -> 74% risk factor"
2026-05-12 09:25:00+00:00,2026-05-12 11:05:00+00:00,LONG,80706.96989,80515.31376683763,1117.1692167577353,-3.6570852969317578,trending_low_vol,trend,trend_continuation,0.5615954399108887,SL_HIT,0.5615954399108887,0.24763968586921692,0.9894534414156105,MEDIUM_RISK,False,0.23747158817086356,0.35395714081341867,1.6,0.0015582399,0.11108037830238322,73.43449326494779,19,-99.36988999998721,203.03011000000697,"TREND: LONG against bearish ema_50 -> 50% reduction,SOFT: drawdown 7.18% -> 64% risk factor,SOFT: risk_model=MEDIUM_RISK -> 25% risk reduction"
2026-05-13 05:10:00+00:00,2026-05-13 07:20:00+00:00,SHORT,81112.48794,80889.15812013793,1474.9542127196785,2.735614202991764,trending_low_vol,trend,trend_continuation,0.5673485398292542,TP_HIT,0.5673485398292542,0.27104148268699646,0.9996349142681132,NO_TRADE,False,0.18833503791278264,0.2753334604004207,1.6,0.0014176196,0.08410421461848523,57.86046996551869,25,-10.512059999993653,194.38794000000053,"SOFT: risk_model=NO_TRADE -> 90% risk reduction,TREND: SHORT against bullish ema_50 -> 50% reduction,SOFT: drawdown 5.38% -> 73% risk factor"
2026-05-13 08:20:00+00:00,2026-05-13 08:50:00+00:00,SHORT,81001.99899000001,81148.60893052748,2048.6634516998884,-5.553638934816546,trending_low_vol,trend,trend_continuation,0.579191267490387,SL_HIT,0.579191267490387,0.3194544315338135,0.9856844042242611,MEDIUM_RISK,False,0.18099545981028464,0.2635901354364235,1.5999999999999999,0.0013152311,0.0750020937348628,55.40357221098735,5,-113.00100999999268,31.598990000013146,"TREND: SHORT against bullish ema_50 -> 50% reduction,SOFT: drawdown 3.49% -> 83% risk factor,SOFT: risk_model=MEDIUM_RISK -> 25% risk reduction"
2026-05-13 23:55:00+00:00,2026-05-14 00:40:00+00:00,LONG,79296.22883000001,79583.50723860254,2368.6295277823374,6.44513428503177,trending_low_vol,trend,trend_continuation,0.5908067226409912,TP_HIT,0.5908067226409912,0.36730125546455383,0.9974223181355111,LOW_RISK,False,0.2426765521714093,0.3622850832142592,1.6,0.0016268421,0.10471425682679672,73.80180965063524,8,0.0,276.1711699999869,TREND: LONG against bearish ema_50 -> 50% reduction
2026-05-14 02:30:00+00:00,2026-05-14 02:50:00+00:00,SHORT,79615.53765,79355.42449066676,2234.923200956958,5.293972289212093,trending_low_vol,trend,trend_continuation,0.5206511616706848,TP_HIT,0.5206511616706848,0.0826517641544342,0.9983239735336833,LOW_RISK,False,0.22044634566789914,0.32671155280861097,1.6,0.001647461,0.11105097882137004,67.01887733330967,3,0.0,238.0376499999984,TREND: SHORT against bullish ema_50 -> 50% reduction
2026-05-14 22:55:00+00:00,2026-05-14 23:05:00+00:00,SHORT,81410.75811,81155.46366137029,1176.9444494184806,2.633353098027807,trending_low_vol,trend,trend_exhaustion,0.5560290217399597,TP_HIT,0.5560290217399597,0.2250613272190094,0.9996103280670308,LOW_RISK,False,0.21224418695387484,0.31358809886619493,1.6,0.0016846512,0.1054946809455554,65.85908465742523,1,0.0,121.15810999998939,"TREND: SHORT against bullish ema_50 -> 50% reduction,GMM: trend_exhaustion -> 60% risk reduction,SOFT: 3.0 consecutive losses -> 50% risk reduction"
2026-05-15 00:00:00+00:00,2026-05-15 00:30:00+00:00,LONG,81104.30962,81466.74903887631,314.11075941700574,1.120298487380012,sideways_low_vol,meanrev,false_signal,0.5457407832145691,TP_HIT,0.5457407832145691,0.18347617983818054,0.9976792944756482,NO_TRADE,False,0.923758184075435,0.4468805918877271,0.5,0.0019542577,0.1423381570165239,77.18658569859294,5,0.0,337.19038,"REGIME: sideways_low_vol -> 60% sizing (mean-reversion),SOFT: risk_model=NO_TRADE -> 90% risk reduction,GMM: false_signal -> 70% risk reduction,SOFT: 4.0 consecutive losses -> 50% risk reduction,SOFT: drawdown 3.94% -> 80% risk factor"
2026-05-15 07:05:00+00:00,2026-05-15 07:20:00+00:00,SHORT,80574.04179,80872.91277207012,729.5257895136745,-3.3639353008314705,trending_high_vol,trend,trend_continuation,0.5726447105407715,SL_HIT,0.5726447105407715,0.2926498055458069,0.9888713060224699,LOW_RISK,False,0.37092713165496366,0.35092513145493653,1.0,0.0022471477,0.19069003153243355,96.93759069003774,2,-161.25820999999996,0.0,REGIME: trending_high_vol -> 50% sizing
2026-05-15 18:10:00+00:00,2026-05-15 18:15:00+00:00,LONG,79454.34464,79203.21754271067,1124.8478373296873,-4.5658318245479865,trending_low_vol,trend,trend_continuation,0.5857794880867004,SL_HIT,0.5857794880867004,0.3465447723865509,0.9995631162070412,NO_TRADE,False,0.3160646512499198,0.479706041739889,1.6,0.0019164402,0.11038493075682528,97.27298291572859,0,0.0,0.0,"SOFT: risk_model=NO_TRADE -> 90% risk reduction,SOFT: 3.0 consecutive losses -> 50% risk reduction"
2026-05-16 01:15:00+00:00,2026-05-16 04:15:00+00:00,LONG,79094.50866,79034.9,1854.2429291111991,-3.065548620648756,trending_low_vol,trend,trend_continuation,0.5201807618141174,TIME_BARRIER,0.5201807618141174,0.08076702058315277,0.9964657211131623,HIGH_RISK,False,0.16291133083238116,0.23466072907185476,1.5999999999999999,0.0011712536,0.06693253391414308,48.37810266933777,36,-106.20866000000387,68.6913399999903,"TREND: LONG against bearish ema_50 -> 50% reduction,SOFT: risk_model=HIGH_RISK -> 50% risk reduction"
2026-05-16 21:05:00+00:00,2026-05-16 23:50:00+00:00,SHORT,78242.57496,78092.61549350979,2523.6848606627104,2.5679883224386586,trending_low_vol,trend,trend_continuation,0.583681046962738,TP_HIT,0.583681046962738,0.33790305256843567,0.9989077538000776,NO_TRADE,False,0.13603892332375997,0.19165967705801412,1.5999999999999999,0.00091315096,0.049162579810958104,39.44612662255104,32,-25.72504000000481,127.47495999999228,"SOFT: risk_model=NO_TRADE -> 90% risk reduction,TREND: SHORT against bullish ema_50 -> 50% reduction,SOFT: drawdown 4.93% -> 75% risk factor"
2026-05-17 07:25:00+00:00,2026-05-17 09:55:00+00:00,LONG,78086.60788,78249.39934036956,3172.249499916933,3.7550323496770877,trending_low_vol,trend,trend_continuation,0.5727062225341797,TP_HIT,0.5727062225341797,0.29290109872817993,0.998630510998205,MEDIUM_RISK,False,0.1465455739949902,0.20847551813204476,1.6,0.0009906031,0.08827166028402329,42.64983509238944,29,-59.60787999999593,110.09212000000116,"SOFT: drawdown 4.96% -> 75% risk factor,SOFT: risk_model=MEDIUM_RISK -> 25% risk reduction"
2026-05-18 13:00:00+00:00,2026-05-18 13:35:00+00:00,SHORT,77473.45188,77063.55443857881,251.85458011922475,1.1065122809242707,trending_high_vol,trend,trend_exhaustion,0.6091995239257812,TP_HIT,0.6091995239257812,0.4439485967159271,0.7442365103831251,HIGH_RISK,False,0.6568995976759927,0.5290811645466396,0.8333333333333335,0.0028818438,0.276047955151794,139.21518714039405,6,0.0,355.85187999998743,"REGIME: trending_high_vol -> 50% sizing,TREND: SHORT against bullish ema_50 -> 50% reduction,GMM: trend_exhaustion -> 60% risk reduction,SOFT: drawdown 7.02% -> 65% risk factor,SOFT: vol_percentile 0.76 -> widened SL, reduced size,SOFT: risk_model=HIGH_RISK -> 50% risk reduction"
2026-05-19 07:00:00+00:00,2026-05-19 07:15:00+00:00,SHORT,76936.00563,77130.33327848453,1039.5729156257846,-3.562718075597414,trending_low_vol,trend,trend_continuation,0.5801275372505188,SL_HIT,0.5801275372505188,0.32329678535461426,0.9593320099988971,HIGH_RISK,False,0.2525834905168919,0.3781309845670172,1.6,0.0016869563,0.11943724742694767,74.65331139381396,2,-165.59437000000617,0.0,"TREND: SHORT against bullish ema_50 -> 50% reduction,SOFT: 4.0 consecutive losses -> 50% risk reduction,SOFT: drawdown 8.05% -> 60% risk factor,SOFT: risk_model=HIGH_RISK -> 50% risk reduction"
2026-05-19 09:10:00+00:00,2026-05-19 10:45:00+00:00,SHORT,76983.50087999999,76671.06316587236,1171.9725810525497,3.7040563003703366,trending_low_vol,trend,trend_continuation,0.6315895318984985,TP_HIT,0.6315895318984985,0.5390421152114868,0.9958227388910414,NO_TRADE,False,0.2699080178929129,0.4058502283686148,1.5999999999999999,0.0016632448,0.1059062264532961,80.03420853190856,18,0.0,266.60087999999814,"SOFT: risk_model=NO_TRADE -> 90% risk reduction,SOFT: drawdown 6.22% -> 69% risk factor"
2026-05-19 13:00:00+00:00,2026-05-19 13:25:00+00:00,SHORT,76871.3121,76616.36402609039,1321.8596256605117,3.196540896183075,trending_low_vol,trend,trend_continuation,0.6128043532371521,TP_HIT,0.6128043532371521,0.4591157138347626,0.9989596949556624,MEDIUM_RISK,False,0.22353642600763282,0.3316556813521639,1.5999999999999999,0.0016237979,0.1169253107098518,65.6589934774028,4,0.0,147.41210000000137,"TREND: SHORT against bullish ema_50 -> 50% reduction,SOFT: drawdown 3.40% -> 83% risk factor,SOFT: risk_model=MEDIUM_RISK -> 25% risk reduction"
